-- phpMyAdmin SQL Dump
-- version 4.2.11
-- http://www.phpmyadmin.net
--
-- Host: 127.0.0.1
-- Generation Time: Sep 19, 2016 at 12:58 AM
-- Server version: 5.6.21
-- PHP Version: 5.6.3

SET SQL_MODE = "NO_AUTO_VALUE_ON_ZERO";
SET time_zone = "+00:00";


/*!40101 SET @OLD_CHARACTER_SET_CLIENT=@@CHARACTER_SET_CLIENT */;
/*!40101 SET @OLD_CHARACTER_SET_RESULTS=@@CHARACTER_SET_RESULTS */;
/*!40101 SET @OLD_COLLATION_CONNECTION=@@COLLATION_CONNECTION */;
/*!40101 SET NAMES utf8 */;

--
-- Database: `ci_twiga`
--

-- --------------------------------------------------------

--
-- Table structure for table `area_managers`
--

CREATE TABLE IF NOT EXISTS `area_managers` (
`id` int(11) NOT NULL,
  `name` varchar(60) NOT NULL,
  `mobile` varchar(20) NOT NULL,
  `email` varchar(100) NOT NULL,
  `division` varchar(40) NOT NULL,
  `region_id` int(11) NOT NULL,
  `modified` timestamp NOT NULL DEFAULT CURRENT_TIMESTAMP,
  `created` datetime NOT NULL
) ENGINE=InnoDB AUTO_INCREMENT=26 DEFAULT CHARSET=latin1;

--
-- Dumping data for table `area_managers`
--

INSERT INTO `area_managers` (`id`, `name`, `mobile`, `email`, `division`, `region_id`, `modified`, `created`) VALUES
(7, 'Justus Nderi', '0726496726', 'test@twiga-chem.com', 'AGRO', 3, '2014-11-24 11:56:50', '2014-11-24 14:56:50'),
(8, 'Daniel Kirimi Ndung''u', '254727952750', 'dkirimi@twiga-chem.com', 'AGRO', 2, '2014-11-25 15:23:34', '2014-11-25 18:23:34'),
(9, 'PS Mohandas', '254738750509', 'test@twiga-chem.com', 'MD', 4, '2014-11-25 15:23:34', '2014-11-25 18:23:34'),
(10, 'Robert Kibaru', '254719207057', 'rkibaru@twiga-chem.com', 'AGRO', 4, '2014-11-25 15:23:35', '2014-11-25 18:23:35'),
(11, 'James Mwangi', '254722619933', 'jmmwamngi@twiga-chem.com', 'AGRO', 6, '2014-11-25 15:23:35', '2014-11-25 18:23:35'),
(12, 'Dri S Ngigi', '254722750496', 'sngigi@twiga-chem.com', 'AGRO', 3, '2014-11-25 15:23:35', '2014-11-25 18:23:35'),
(13, 'Benard Ndiku', '254723492563', 'test@twiga-chem.com', 'AGRO/ AHD', 1, '2014-11-25 15:23:35', '2014-11-25 18:23:35'),
(14, 'Peter W. Ndiritu', '254720835310', 'ndiritu@twiga-chem.com', 'AGRO', 2, '2014-11-25 15:23:35', '2014-11-25 18:23:35'),
(15, 'Paul Kamau', '0720835310', 'test@twiga-chem.com', 'AHD', 2, '2014-11-25 15:23:35', '2014-11-25 18:23:35'),
(16, 'A Ramamurthy', '254733824176', 'test@twiga-chem.com', 'MD', 4, '2014-11-26 12:53:07', '2014-11-26 12:53:07'),
(17, 'James Mukoma', '254720123382', 'jamesmukoma@twiga-chem.com', 'AHD', 4, '2015-01-13 07:46:04', '2015-01-13 10:45:41'),
(18, 'Elijah Oketch', '254724112634', 'test@twiga-chem.com', 'AGRO', 6, '2015-01-28 12:31:59', '2015-01-28 15:31:36'),
(19, 'Faith Manyara', '254729438110', 'fmanyara@twiga-chem.com', 'AGRO/ AHD', 4, '2015-01-28 12:32:56', '2015-01-28 15:32:33'),
(20, 'Victor Clement', '254723218681', 'test@twiga-chem.com', 'AGRO', 5, '2015-05-21 06:10:41', '2015-05-21 09:10:18'),
(21, 'Gideon Nyaga', '254720793951', 'nyaga@twiga-chem.com', 'AGRO', 4, '2015-05-21 06:22:40', '2015-05-21 09:22:17'),
(22, 'Joseph Njoroge', '254725652398', 'test@twiga-chem.com', 'AHD', 6, '2015-05-21 06:29:26', '2015-05-21 09:29:03'),
(23, 'Maryline Chepkemoi', '254710314156', 'mchepkemoi@twiga-chem.com', 'AGRO/ AHD', 4, '2015-05-21 06:34:12', '2015-05-21 09:33:49'),
(24, 'Julius Muteti', '254721662561', 'jmuteti@twiga-chem.com', 'AGRO', 2, '2015-06-18 11:12:05', '2015-06-18 14:11:42'),
(25, 'Paul Kamau Muturi', '254713482157', 'paulkamau@twiga-chem.com', 'AHD', 2, '2015-06-18 11:13:32', '2015-06-18 14:13:09');

-- --------------------------------------------------------

--
-- Table structure for table `area_tas`
--

CREATE TABLE IF NOT EXISTS `area_tas` (
`id` int(11) NOT NULL,
  `name` varchar(60) NOT NULL,
  `mobile` varchar(20) NOT NULL,
  `email` varchar(100) NOT NULL,
  `division` varchar(40) NOT NULL,
  `modified` datetime DEFAULT NULL,
  `created` timestamp NOT NULL DEFAULT CURRENT_TIMESTAMP
) ENGINE=InnoDB AUTO_INCREMENT=28 DEFAULT CHARSET=latin1;

--
-- Dumping data for table `area_tas`
--

INSERT INTO `area_tas` (`id`, `name`, `mobile`, `email`, `division`, `modified`, `created`) VALUES
(20, 'MARYLINE CHEPKEMOI', '254710314156', 'mchepkemoi@twiga-chem.com', 'AHD', '2015-05-21 08:26:21', '2014-12-17 11:56:52'),
(21, 'Robert Kibaru', '254720015401', 'rkibaru@twiga-chem.com', 'AGRO', '2015-01-19 13:50:44', '2014-12-17 11:56:52'),
(22, 'Christine Njeri', '254719207057', 'cgathagu@twiga-chem.com', 'AGRO', '2014-12-18 16:29:11', '2014-12-17 11:56:52'),
(23, 'FAITH MANYARA', '254729438110', 'fmanyara@twiga-chem.com', 'AHD', '2015-05-21 08:32:21', '2014-12-17 12:48:58'),
(24, 'MARYLINE CHEPKEMOI', '254710314156', 'mchepkemoi@twiga-chem.com', 'AGRO', '2015-05-21 08:30:49', '2015-01-19 09:18:04'),
(25, 'Stanley Maina Muchunu', '254724874435', 'mainastanely@twiga-chem.com', 'AHD', NULL, '2015-01-28 13:37:48'),
(26, 'Joel Kirugu Mukua', '254720769427', 'mukuajoel@twiga-chem.com', 'ANIMAL HEALTH', NULL, '2015-06-18 11:04:08'),
(27, 'Patrick Wamathai Kamau', '254716303817', 'wamathai@twiga-chem.com', 'AGRO', NULL, '2015-06-18 11:05:44');

-- --------------------------------------------------------

--
-- Table structure for table `blacklist`
--

CREATE TABLE IF NOT EXISTS `blacklist` (
`id` int(11) NOT NULL,
  `msisdn` varchar(20) NOT NULL,
  `created` timestamp NOT NULL DEFAULT CURRENT_TIMESTAMP ON UPDATE CURRENT_TIMESTAMP
) ENGINE=InnoDB DEFAULT CHARSET=latin1;

-- --------------------------------------------------------

--
-- Table structure for table `ci_sessions`
--

CREATE TABLE IF NOT EXISTS `ci_sessions` (
  `session_id` varchar(40) NOT NULL DEFAULT '0',
  `ip_address` varchar(45) NOT NULL DEFAULT '0',
  `user_agent` varchar(120) NOT NULL,
  `last_activity` int(10) unsigned NOT NULL DEFAULT '0',
  `user_data` text NOT NULL
) ENGINE=InnoDB DEFAULT CHARSET=latin1;

--
-- Dumping data for table `ci_sessions`
--

INSERT INTO `ci_sessions` (`session_id`, `ip_address`, `user_agent`, `last_activity`, `user_data`) VALUES
('03256ead6f063068a381c29e700f7930', '127.0.0.1', 'Apache CXF 2.6.1', 1474235642, ''),
('04b053c5dcf14aec49db83564b8d9178', '127.0.0.1', 'Apache CXF 2.6.1', 1474233591, ''),
('281beb4fcea157d9253ef38b78687183', '127.0.0.1', 'Apache CXF 2.6.1', 1474233846, ''),
('2ee1f476d5de759857b3271f9fd1b550', '127.0.0.1', 'Apache CXF 2.6.1', 1474235717, ''),
('31f0fdd5694469c7abb6f5ca22613279', '127.0.0.1', 'Apache CXF 2.6.1', 1474237147, ''),
('325dcd4f2e417e1f0010b84f59130dfb', '127.0.0.1', 'Apache CXF 2.6.1', 1474235506, ''),
('3471d9a142c73bdaebf73e8c79da158e', '::1', 'Mozilla/5.0 (Windows NT 10.0; WOW64) AppleWebKit/537.36 (KHTML, like Gecko) Chrome/52.0.2743.116 Safari/537.36 OPR/39.0.', 1474235666, ''),
('435e8595de28e569f2a1d13ffa318118', '127.0.0.1', 'Apache CXF 2.6.1', 1474233805, ''),
('444013d3b789e0b8f4141cfb9afd197e', '::1', 'Mozilla/5.0 (Windows NT 10.0; WOW64) AppleWebKit/537.36 (KHTML, like Gecko) Chrome/52.0.2743.116 Safari/537.36 OPR/39.0.', 1474235663, 'a:8:{s:9:"user_data";s:0:"";s:2:"id";s:1:"1";s:5:"fname";s:7:"Bethuel";s:5:"sname";s:8:"Lulalire";s:5:"oname";s:4:"Shem";s:4:"role";s:5:"ADMIN";s:6:"status";s:6:"Active";s:9:"logged_in";b:1;}'),
('4856ad17356d4e9b503f085bde1e77b3', '127.0.0.1', 'Apache CXF 2.6.1', 1474234188, ''),
('5449f0d6032055bb05af35f120a88ab9', '127.0.0.1', 'Apache CXF 2.6.1', 1474234376, ''),
('5fb16e31c04964222b0339f31a3bfc62', '127.0.0.1', 'Apache CXF 2.6.1', 1474234841, ''),
('7857863b02406023568d379b4d64905e', '127.0.0.1', 'Apache CXF 2.6.1', 1474235592, ''),
('7c7d80b00b3111de69afd7ec6f469c2e', '127.0.0.1', 'Apache CXF 2.6.1', 1474237110, ''),
('7d453e95fa073ba95da32ec7d19a55e7', '127.0.0.1', 'Apache CXF 2.6.1', 1474236449, ''),
('7e47edb8ff386a6119117754e5636437', '127.0.0.1', 'Apache CXF 2.6.1', 1474235171, ''),
('859e290308afaf0a506dacaf2fc26dce', '127.0.0.1', 'Apache CXF 2.6.1', 1474234294, ''),
('89ffe0f26c4b7554869d0355c41714ff', '127.0.0.1', 'Apache CXF 2.6.1', 1474236567, ''),
('9d4910df4547ccee689baeec48501999', '::1', 'Mozilla/5.0 (Windows NT 10.0; WOW64) AppleWebKit/537.36 (KHTML, like Gecko) Chrome/52.0.2743.116 Safari/537.36 OPR/39.0.', 1474238735, 'a:10:{s:9:"user_data";s:0:"";s:2:"id";s:1:"1";s:5:"fname";s:7:"Bethuel";s:5:"sname";s:8:"Lulalire";s:5:"oname";s:4:"Shem";s:4:"role";s:5:"ADMIN";s:6:"status";s:6:"Active";s:9:"logged_in";b:1;s:16:"flash:old:appmsg";s:60:"Exporting & emailing process complete. View logs for details";s:20:"flash:old:alert_type";s:10:"alert-info";}'),
('b549a91a08e4d4b071754898129ea932', '127.0.0.1', 'Apache CXF 2.6.1', 1474236460, ''),
('babbbba5781c4760edaf29920c66691d', '127.0.0.1', 'Apache CXF 2.6.1', 1474237016, ''),
('bc6e82ee66c31090de855b7d01ecb6ff', '127.0.0.1', 'Apache CXF 2.6.1', 1474234566, ''),
('e289492b1a12a551627c03b77d0b7995', '127.0.0.1', 'Apache CXF 2.6.1', 1474234752, ''),
('e757e34367df01f5a093943d0b3f0ec8', '127.0.0.1', 'Apache CXF 2.6.1', 1474233518, ''),
('ea2aa2bf6983a561f97483888af4bce5', '127.0.0.1', 'Apache CXF 2.6.1', 1474235430, ''),
('f17d224e6eb339dbbfb35bc1999570b9', '127.0.0.1', 'Apache CXF 2.6.1', 1474234688, ''),
('f7cd450b6c78e281998a5fd2a709a74a', '::1', 'Mozilla/5.0 (Windows NT 10.0; WOW64) AppleWebKit/537.36 (KHTML, like Gecko) Chrome/52.0.2743.116 Safari/537.36 OPR/39.0.', 1474232594, ''),
('fd439a9e5006fff5d72cb1da1042cf4d', '127.0.0.1', 'Apache CXF 2.6.1', 1474234251, '');

-- --------------------------------------------------------

--
-- Table structure for table `contacts_info`
--

CREATE TABLE IF NOT EXISTS `contacts_info` (
  `id` varchar(36) NOT NULL,
  `mobile1` varchar(15) NOT NULL,
  `mobile2` varchar(15) DEFAULT NULL,
  `email` varchar(80) NOT NULL,
  `modified` timestamp NOT NULL DEFAULT CURRENT_TIMESTAMP,
  `created` datetime NOT NULL
) ENGINE=InnoDB DEFAULT CHARSET=latin1;

--
-- Dumping data for table `contacts_info`
--

INSERT INTO `contacts_info` (`id`, `mobile1`, `mobile2`, `email`, `modified`, `created`) VALUES
('24E6DF3F-7857-4685-80BC-9CDCA584F394', '254720123451', NULL, 'test@email.com', '2016-09-16 11:31:25', '2016-09-16 14:31:25'),
('309D79CF-8B3E-4E67-8CE4-ABEA195940B6', '254724501977', '254734573282', '', '2016-09-16 09:57:24', '2016-09-16 12:57:24'),
('33AB3B72-336F-4C2E-9BAF-4789BDA8716F', '254724987894', '254720206878', '', '2016-09-16 09:57:24', '2016-09-16 12:57:24'),
('370796BF-0410-4C93-BF45-C1B05E6CAD49', '254723702465', '', '', '2016-09-16 09:57:24', '2016-09-16 12:57:24'),
('4A51581C-863D-493E-B228-C934FF281A1B', '254727425703', '254723333638', '', '2016-09-16 09:57:23', '2016-09-16 12:57:23'),
('5A496715-BCEE-4F64-9D69-FF89E77E1A97', '254722239724', '', '', '2016-09-16 09:57:24', '2016-09-16 12:57:24'),
('602076E0-2A34-462A-ADAA-A85124B2ACEC', '254720123456', NULL, '', '2016-09-16 11:30:24', '2016-09-16 14:30:24'),
('8F87E559-6E8A-46F4-A2B4-8F89832A2B10', '254000000000', NULL, 'test1@mail.com', '2016-09-16 09:55:55', '2016-09-16 12:55:55'),
('B027388A-CBF4-45F1-AE7A-5942AE90224B', '254720123459', NULL, '', '2016-09-16 11:31:25', '2016-09-16 14:31:25'),
('B295D6F2-872B-4BB2-8F86-00717F59580A', '254725937437', '254707314252', 'gaciabum@yahoo.com', '2016-09-16 09:57:24', '2016-09-16 12:57:24'),
('CCAF21F6-0D84-477B-9160-BB55F3686B2A', '254722842996', '254703804034', '', '2016-09-16 09:57:23', '2016-09-16 12:57:23'),
('E3FBCA1D-110E-453F-9477-B37D08E00142', '254726932546', '254738083143', '', '2016-09-16 09:57:24', '2016-09-16 12:57:24'),
('F357EE4B-49DB-45CD-B607-7042A5BBEBE8', '254000000002', NULL, 'test2@mail.com', '2016-09-16 09:55:55', '2016-09-16 12:55:55'),
('FC8D2EC4-8F74-4711-A0B7-5FC96EA6F393', '254710857038', '', '', '2016-09-16 09:57:24', '2016-09-16 12:57:24'),
('FCD7F1F0-4DF8-4984-AEBF-498D8F554726', '254703202341', '254713199950', '', '2016-09-16 09:57:24', '2016-09-16 12:57:24');

-- --------------------------------------------------------

--
-- Table structure for table `customers`
--

CREATE TABLE IF NOT EXISTS `customers` (
`id` int(11) NOT NULL,
  `business_name` varchar(100) DEFAULT NULL,
  `name` varchar(100) DEFAULT NULL,
  `town_id` int(11) NOT NULL,
  `region_id` int(10) NOT NULL,
  `contact_id` varchar(36) NOT NULL,
  `customer_type` varchar(30) NOT NULL,
  `status` varchar(30) NOT NULL DEFAULT 'Active',
  `modified` timestamp NOT NULL DEFAULT CURRENT_TIMESTAMP,
  `created` datetime NOT NULL
) ENGINE=InnoDB AUTO_INCREMENT=16 DEFAULT CHARSET=latin1;

--
-- Dumping data for table `customers`
--

INSERT INTO `customers` (`id`, `business_name`, `name`, `town_id`, `region_id`, `contact_id`, `customer_type`, `status`, `modified`, `created`) VALUES
(1, 'ATOM PHARMACEUTICAL', 'ATOM PHARMACEUTICAL', 14, 1, '8F87E559-6E8A-46F4-A2B4-8F89832A2B10', 'DISTRIBUTOR', 'ACTIVE', '2016-09-16 09:55:55', '2016-09-16 12:55:55'),
(2, 'BADAR PHARMACY', 'BADAR PHARMACY', 15, 1, 'F357EE4B-49DB-45CD-B607-7042A5BBEBE8', 'DISTRIBUTOR', 'ACTIVE', '2016-09-16 09:55:55', '2016-09-16 12:55:55'),
(3, 'GACHUNJUI AGROVET', 'JOHNSON KINYUA IRERI', 5, 3, '4A51581C-863D-493E-B228-C934FF281A1B', 'STOCKIST', 'ACTIVE', '2016-09-16 09:57:23', '2016-09-16 12:57:23'),
(4, 'ITABUA AGROVET', 'PETER GACHOKI KIGIRI', 1, 3, 'CCAF21F6-0D84-477B-9160-BB55F3686B2A', 'STOCKIST', 'ACTIVE', '2016-09-16 09:57:23', '2016-09-16 12:57:23'),
(5, 'GREENVIEW AGROVET', 'THOMAS NJERU NYAGA', 6, 3, '309D79CF-8B3E-4E67-8CE4-ABEA195940B6', 'STOCKIST', 'ACTIVE', '2016-09-16 09:57:24', '2016-09-16 12:57:24'),
(6, 'DANMER', 'JOYCE NJOKI NJIRU', 2, 3, '5A496715-BCEE-4F64-9D69-FF89E77E1A97', 'STOCKIST', 'ACTIVE', '2016-09-16 09:57:24', '2016-09-16 12:57:24'),
(7, 'RONJE', 'PETERSON NJERU MURIUKI', 2, 3, 'E3FBCA1D-110E-453F-9477-B37D08E00142', 'STOCKIST', 'ACTIVE', '2016-09-16 09:57:24', '2016-09-16 12:57:24'),
(8, 'P.N FARMERS CHOICE', 'PETER NJERU KUBUTA', 4, 3, '370796BF-0410-4C93-BF45-C1B05E6CAD49', 'STOCKIST', 'ACTIVE', '2016-09-16 09:57:24', '2016-09-16 12:57:24'),
(9, 'FARMERS FRIENDS', 'STEPHEN KIURA WARUI', 4, 3, '33AB3B72-336F-4C2E-9BAF-4789BDA8716F', 'STOCKIST', 'ACTIVE', '2016-09-16 09:57:24', '2016-09-16 12:57:24'),
(10, 'KANGARU AGROVET', 'REGINA WANGECI MUGO', 1, 3, 'B295D6F2-872B-4BB2-8F86-00717F59580A', 'STOCKIST', 'ACTIVE', '2016-09-16 09:57:24', '2016-09-16 12:57:24'),
(11, 'DIMUTZ', 'CHARLES MUTEMBEI NYAGA', 3, 3, 'FCD7F1F0-4DF8-4984-AEBF-498D8F554726', 'STOCKIST', 'ACTIVE', '2016-09-16 09:57:24', '2016-09-16 12:57:24'),
(12, 'MWALIMU JUNIOR AGROVET', 'VINCENT KARIUKI MUCEE', 6, 3, 'FC8D2EC4-8F74-4711-A0B7-5FC96EA6F393', 'STOCKIST', 'ACTIVE', '2016-09-16 09:57:24', '2016-09-16 12:57:24'),
(13, NULL, 'Bethuel Shem Lulalire', 5, 3, '602076E0-2A34-462A-ADAA-A85124B2ACEC', 'FARMER', 'ACTIVE', '2016-09-16 11:30:24', '2016-09-16 14:30:24'),
(14, NULL, 'Charles  Wahome', 1, 3, '24E6DF3F-7857-4685-80BC-9CDCA584F394', 'FARMER', 'ACTIVE', '2016-09-16 11:31:25', '2016-09-16 14:31:25'),
(15, NULL, 'Brian Ndunda', 6, 3, 'B027388A-CBF4-45F1-AE7A-5942AE90224B', 'FARMER', 'ACTIVE', '2016-09-16 11:31:25', '2016-09-16 14:31:25');

-- --------------------------------------------------------

--
-- Table structure for table `distributors_codes`
--

CREATE TABLE IF NOT EXISTS `distributors_codes` (
`id` int(11) unsigned NOT NULL,
  `code` varchar(30) NOT NULL,
  `customer_id` int(11) NOT NULL
) ENGINE=InnoDB AUTO_INCREMENT=3 DEFAULT CHARSET=latin1;

--
-- Dumping data for table `distributors_codes`
--

INSERT INTO `distributors_codes` (`id`, `code`, `customer_id`) VALUES
(1, 'D001', 1),
(2, 'D002', 2);

-- --------------------------------------------------------

--
-- Table structure for table `groups`
--

CREATE TABLE IF NOT EXISTS `groups` (
`id` int(11) NOT NULL,
  `name` varchar(40) NOT NULL,
  `description` text,
  `modified` datetime DEFAULT NULL,
  `created` timestamp NULL DEFAULT CURRENT_TIMESTAMP
) ENGINE=InnoDB AUTO_INCREMENT=4 DEFAULT CHARSET=latin1;

--
-- Dumping data for table `groups`
--

INSERT INTO `groups` (`id`, `name`, `description`, `modified`, `created`) VALUES
(1, 'Distributors', 'Group for all Distributors', NULL, '2016-09-16 09:55:55'),
(2, 'Stockists', 'Group for all stockists', NULL, '2016-09-16 09:57:23'),
(3, 'Farmers', 'Group for all farmers', NULL, '2016-09-16 11:30:24');

-- --------------------------------------------------------

--
-- Table structure for table `group_contacts`
--

CREATE TABLE IF NOT EXISTS `group_contacts` (
`id` int(10) unsigned NOT NULL,
  `groupid` int(11) NOT NULL,
  `msisdn` varchar(20) NOT NULL,
  `created` timestamp NOT NULL DEFAULT CURRENT_TIMESTAMP ON UPDATE CURRENT_TIMESTAMP
) ENGINE=InnoDB AUTO_INCREMENT=17 DEFAULT CHARSET=latin1;

--
-- Dumping data for table `group_contacts`
--

INSERT INTO `group_contacts` (`id`, `groupid`, `msisdn`, `created`) VALUES
(1, 1, '254000000001', '2016-09-16 09:55:55'),
(2, 1, '254000000002', '2016-09-16 09:55:55'),
(3, 2, '254727425703', '2016-09-16 09:57:23'),
(4, 2, '254722842996', '2016-09-16 09:57:23'),
(5, 2, '254724501977', '2016-09-16 09:57:24'),
(6, 2, '254722239724', '2016-09-16 09:57:24'),
(7, 2, '254726932546', '2016-09-16 09:57:24'),
(8, 2, '254723702465', '2016-09-16 09:57:24'),
(9, 2, '254724987894', '2016-09-16 09:57:24'),
(10, 2, '254725937437', '2016-09-16 09:57:24'),
(11, 2, '254703202341', '2016-09-16 09:57:24'),
(12, 2, '254710857038', '2016-09-16 09:57:24'),
(14, 3, '254720123451', '2016-09-16 11:31:25'),
(15, 3, '254720123459', '2016-09-16 11:31:25'),
(16, 3, '254720123456', '2016-09-18 22:19:08');

-- --------------------------------------------------------

--
-- Table structure for table `import_logs`
--

CREATE TABLE IF NOT EXISTS `import_logs` (
`id` int(11) NOT NULL,
  `type` varchar(30) NOT NULL,
  `description` text NOT NULL,
  `content` text NOT NULL,
  `created` timestamp NOT NULL DEFAULT CURRENT_TIMESTAMP
) ENGINE=InnoDB DEFAULT CHARSET=latin1;

-- --------------------------------------------------------

--
-- Table structure for table `products`
--

CREATE TABLE IF NOT EXISTS `products` (
`id` int(11) NOT NULL,
  `sku_code` varchar(50) NOT NULL,
  `item_code` varchar(50) NOT NULL,
  `description` text NOT NULL,
  `item_um` varchar(30) NOT NULL,
  `created` datetime NOT NULL,
  `modified` timestamp NOT NULL DEFAULT CURRENT_TIMESTAMP ON UPDATE CURRENT_TIMESTAMP
) ENGINE=InnoDB AUTO_INCREMENT=275 DEFAULT CHARSET=latin1;

--
-- Dumping data for table `products`
--

INSERT INTO `products` (`id`, `sku_code`, `item_code`, `description`, `item_um`, `created`, `modified`) VALUES
(1, '1000', '21110210201', 'TWIGAMECTIN  18 G/L EC 48 X 100 ML', 'PCS', '2014-11-20 11:47:11', '2015-03-11 13:09:37'),
(2, '1001', '21110210202', 'TWIGAMECTIN  18 G/L EC 40 X 250 ML', 'PCS', '2014-11-20 11:47:11', '2015-03-11 13:09:49'),
(3, '1002', '21110210203', 'TWIGAMECTIN  18 G/L EC 20 X 500 ML', 'PCS', '2014-11-20 11:47:11', '2015-03-12 11:48:23'),
(4, '1003', '21110210204', 'TWIGAMECTIN  18 G/L EC 12 X 1 LT', 'PCS', '2014-11-20 11:47:11', '2015-03-12 11:48:48'),
(5, '1004', '21220203901', 'ORTUS 12 X 100ML', 'PCS', '2014-11-20 11:47:11', '2015-03-12 11:48:57'),
(6, '1005', '21220203902', 'ORTUS 12X 200ML', 'PCS', '2014-11-20 11:47:12', '2015-03-12 11:49:06'),
(7, '1006', '21220203904', 'ORTUS 24X50ML', 'PCS', '2014-11-20 11:47:12', '2015-03-12 11:49:15'),
(8, '1007', '21220203906', 'ORTUS 10 X 1 LT', 'PCS', '2014-11-20 11:47:12', '2015-03-12 11:49:28'),
(9, '1200', '21210303803', 'ORTIVA TOP 12 X 1LT', 'PCS', '2014-11-20 11:47:12', '2015-03-12 11:49:41'),
(10, '1201', '21211101302', 'COMPLEMENT 20 X 500ML', 'PCS', '2014-11-20 11:47:12', '2015-03-12 11:49:52'),
(11, '1202', '21211209902', 'NEMATHORIN 150 EC 4 X 5LT', 'PCS', '2014-11-20 11:47:12', '2015-03-12 11:50:07'),
(12, '1203', '21221007105', 'ERGOSTIM 10 X 1LT', 'PCS', '2014-11-20 11:47:12', '2015-03-12 11:50:21'),
(13, '1204', '21221007106', 'ERGOSTIM 20 X 100 ML', 'PCS', '2014-11-20 11:47:12', '2015-03-12 11:51:01'),
(14, '1205', '21221007107', 'ERGOSTIM 20 X 50ML', 'PCS', '2014-11-20 11:47:12', '2015-03-12 11:51:13'),
(15, '1206', '21221007108', 'ERGOSTIM 20 X 500 ML', 'PCS', '2014-11-20 11:47:12', '2015-03-12 11:51:27'),
(16, '1207', '21221100506', 'AGRAL 90 20 X 100 ML', 'PCS', '2014-11-20 11:47:12', '2015-03-12 11:51:37'),
(17, '1208', '21221100507', 'AGRAL 90 20 X 50 ML', 'PCS', '2014-11-20 11:47:12', '2015-03-12 11:51:52'),
(18, '1209', '25211310601', 'TWIGA-MOB IRRIGATION KITS - BUCKET KITS', 'PCS', '2014-11-20 11:47:12', '2014-11-20 08:47:12'),
(19, '1210', '25211310602', 'TWIGA-MOB IRRIGATION KITS - DRUM  KITS', 'PCS', '2014-11-20 11:47:12', '2014-11-20 08:47:12'),
(20, '1211', '25211310603', 'TWIGA-MOB IRRIGATION KITS - TANK  KITS', 'PCS', '2014-11-20 11:47:12', '2014-11-20 08:47:12'),
(21, '1212', '25211310604', 'TWIGA-MOB IRRIGATION KITS - 1000 KITS', 'PCS', '2014-11-20 11:47:12', '2014-11-20 08:47:12'),
(22, '1213', '25211310605', 'TWIGA-MOB IRRIGATION KITS - 2000 KITS', 'PCS', '2014-11-20 11:47:12', '2014-11-20 08:47:12'),
(23, '1300', '21110303307', 'Mithane Super 1x 25Kg', 'PCS', '2014-11-20 11:47:12', '2014-11-20 08:47:12'),
(24, '1301', '21110308101', 'TWIGATHALONIL 720SC 1x200LT DRUM', 'PCS', '2014-11-20 11:47:12', '2014-11-20 08:47:12'),
(25, '1302', '21110310901', 'TWIGALAXYL 720 WP 1X25KG', 'Kg', '2014-11-20 11:47:12', '2014-11-20 08:47:12'),
(26, '1303', '21110310902', 'TWIGALAXYL 720 WP 10 X 1 KG', 'PCS', '2014-11-20 11:47:12', '2015-03-12 11:50:45'),
(27, '1304', '21110310903', 'TWIGALAXYL 720 WP 20 X 500 GM', 'PCS', '2014-11-20 11:47:13', '2015-03-12 11:52:11'),
(28, '1305', '21110310904', 'TWIGALAXYL 720 WP 20 X 100 GM', 'PCS', '2014-11-20 11:47:13', '2015-03-12 11:52:33'),
(29, '1306', '21110310905', 'TWIGALAXYL 720 WP 20 X 50 GM', 'PCS', '2014-11-20 11:47:13', '2015-03-12 11:52:50'),
(30, '1307', '21120303306', 'Milthane Super 1x 5kg', 'PCS', '2014-11-20 11:47:13', '2014-11-20 08:47:13'),
(31, '1308', '21120303312', 'MILTHANE SUPER 20 X 50GM', 'PCS', '2014-11-20 11:47:13', '2015-03-12 11:52:22'),
(32, '1309', '21120303313', 'MILTHANE SUPER 20 X 100GM', 'PCS', '2014-11-20 11:47:13', '2015-03-12 11:53:03'),
(33, '1310', '21120303315', 'MILTHANE SUPER 20 X 500GM', 'PCS', '2014-11-20 11:47:13', '2015-03-12 11:53:14'),
(34, '1311', '21120303316', 'MILTHANE SUPER 10 X 1KG', 'PCS', '2014-11-20 11:47:13', '2015-03-12 11:53:25'),
(35, '1312', '21120308102', 'TWIGATHALONIL 720SC 12X200ML', 'PCS', '2014-11-20 11:47:13', '2015-03-12 11:53:39'),
(36, '1313', '21120308103', 'TWIGATHALONIL 720SC 12X500ML', 'PCS', '2014-11-20 11:47:13', '2015-03-12 11:53:49'),
(37, '1314', '21120308104', 'TWIGATHALONIL 720SC 1X20 LTR', 'PCS', '2014-11-20 11:47:13', '2014-11-20 08:47:13'),
(38, '1315', '21120308105', 'TWIGATHALONIL 720SC 20 X 500 ML', 'PCS', '2014-11-20 11:47:13', '2015-03-12 11:54:02'),
(39, '1316', '21120308106', 'TWIGATHALONIL 720SC 20 X 200 ML', 'PCS', '2014-11-20 11:47:13', '2015-03-12 11:54:16'),
(40, '1317', '21120308701', 'TWIGA-EPOX 6 X 1LT', 'PCS', '2014-11-20 11:47:13', '2015-03-12 11:54:29'),
(41, '1318', '21120308703', 'TWIGA-EPOX 10 X 1LT', 'PCS', '2014-11-20 11:47:13', '2015-03-12 11:54:39'),
(42, '1319', '21120309001', 'TWIGA-EPONIL 4 X 5LT', 'PCS', '2014-11-20 11:47:13', '2015-03-12 11:55:44'),
(43, '1320', '21120309003', 'TWIGA-EPONIL 6 X 1LT', 'PCS', '2014-11-20 11:47:13', '2015-03-12 11:55:33'),
(44, '1321', '21120309004', 'TWIGA-EPONIL 10 X 1LT', 'PCS', '2014-11-20 11:47:13', '2015-03-12 11:55:22'),
(45, '1322', '21120310501', 'TWIGA AZ 10 X 1LT', 'PCS', '2014-11-20 11:47:13', '2015-03-12 11:55:10'),
(46, '1323', '21210302002', 'FOLIO GOLD 12X 1LT', 'PCS', '2014-11-20 11:47:13', '2015-03-12 11:55:01'),
(47, '1324', '21210302504', 'Isacop 50 WP 1x 25kg', 'PCS', '2014-11-20 11:47:13', '2014-11-20 08:47:13'),
(48, '1325', '21210304701', 'SCORE 250EC 12X 1LT', 'PCS', '2014-11-20 11:47:14', '2015-03-12 11:54:50'),
(49, '1326', '21210307201', 'MICROTHIOL SPECIAL 1 X 25KG', 'Kg', '2014-11-20 11:47:14', '2014-11-20 08:47:14'),
(50, '1327', '21210307701', 'AG COPP 75% 25KG', 'Kg', '2014-11-20 11:47:14', '2014-11-20 08:47:14'),
(51, '1328', '21210307901', 'SWITCH 62.5WG 10X1KG', 'PCS', '2014-11-20 11:47:14', '2015-03-12 11:56:12'),
(52, '1329', '21210308901', 'CHORUS 10 X 1 KG', 'PCS', '2014-11-20 11:47:14', '2015-03-12 12:00:56'),
(53, '1330', '21210309801', 'REVUS 12 X 1LT', 'PCS', '2014-11-20 11:47:14', '2015-03-12 12:01:10'),
(54, '1331', '21210310701', 'FANTIC M 4-65 WG 1x 25 Kg', 'PCS', '2014-11-20 11:47:14', '2014-11-20 08:47:14'),
(55, '1332', '21210310702', 'FANTIC M 4-65 WG 10 X 1 KG', 'PCS', '2014-11-20 11:47:14', '2015-03-12 12:01:28'),
(56, '1333', '21210310703', 'FANTIC M 4-65 WG 20 X 500 GM', 'PCS', '2014-11-20 11:47:14', '2015-03-12 12:01:45'),
(57, '1334', '21210310801', 'ALIAL 80 WP 10 X 1 KG', 'PCS', '2014-11-20 11:47:14', '2015-03-12 12:02:15'),
(58, '1335', '21220302101', 'GALBEN M8-65 12X 100GM', 'PCS', '2014-11-20 11:47:14', '2015-03-12 12:02:34'),
(59, '1336', '21220302102', 'GALBEN M8-65 6X 500GM', 'PCS', '2014-11-20 11:47:14', '2015-03-12 12:04:01'),
(60, '1337', '21220302103', 'GALBEN M8-65 6X 1KG', 'PCS', '2014-11-20 11:47:14', '2015-03-12 12:06:10'),
(61, '1338', '21220302506', 'ISACOP 50WP 10 X 2KG', 'PCS', '2014-11-20 11:47:14', '2015-03-12 12:05:58'),
(62, '1339', '21220302507', 'ISACOP 50 WP 20 X 500 GM', 'PCS', '2014-11-20 11:47:14', '2015-03-12 12:06:22'),
(63, '1340', '21220302508', 'ISACOP 50 WP 10 X 1 KG', 'PCS', '2014-11-20 11:47:14', '2015-03-12 12:05:46'),
(64, '1341', '21220307203', 'MICROTHIOL 1 X 5KG', 'PCS', '2014-11-20 11:47:14', '2014-11-20 08:47:14'),
(65, '1342', '21220307204', 'MICROTHIOL SPECIAL 20X500GM', 'PCS', '2014-11-20 11:47:14', '2015-03-12 12:05:33'),
(66, '1343', '21220307205', 'MICROTHIOL SPECIAL 10 X 1KG', 'PCS', '2014-11-20 11:47:14', '2015-03-12 12:03:47'),
(67, '1344', '21220307502', 'CHEM COPP 50% 6X1KG', 'PCS', '2014-11-20 11:47:14', '2015-03-12 12:02:01'),
(68, '1345', '21220307503', 'CHEM COPP 50% 6X2KG', 'PCS', '2014-11-20 11:47:14', '2015-03-12 12:03:17'),
(69, '1346', '21220307702', 'AG COPP 75% 12X500GMS', 'PCS', '2014-11-20 11:47:15', '2015-03-12 12:02:47'),
(70, '1347', '21220307703', 'AG COPP 75% 6X1KG', 'PCS', '2014-11-20 11:47:15', '2015-03-12 12:03:32'),
(71, '1348', '21220307704', 'AG COPP 75 WP 10 X 1 KG', 'PCS', '2014-11-20 11:47:15', '2015-03-12 12:05:19'),
(72, '1349', '22110308701', 'TWIGA-EPONIL 1x200LT DRUM', 'PCS', '2014-11-20 11:47:15', '2014-11-20 08:47:15'),
(73, '1350', '22110308801', 'TWIGA-EPOX 1x200LT DRUM', 'PCS', '2014-11-20 11:47:15', '2014-11-20 08:47:15'),
(74, '1400', '21210401201', 'CELPHOS 20X 1KG', 'PCS', '2014-11-20 11:47:15', '2015-03-12 12:00:29'),
(75, '1401', '21210410107', 'ACTELLIC GOLD 1X25KG', 'PCS', '2014-11-20 11:47:15', '2014-11-20 08:47:15'),
(76, '1402', '21210410108', 'ACTELLIC GOLD 20 X 50 GM', 'PCS', '2014-11-20 11:47:15', '2015-03-12 12:04:37'),
(77, '1403', '21210410109', 'ACTELLIC GOLD 20 X 100 GM', 'PCS', '2014-11-20 11:47:15', '2015-03-12 12:02:59'),
(78, '1404', '21210410110', 'ACTELLIC GOLD 10 X 200 GM', 'PCS', '2014-11-20 11:47:15', '2015-03-12 12:05:04'),
(79, '1405', '21210410111', 'ACTELLIC GOLD 10 X 500 GM', 'PCS', '2014-11-20 11:47:15', '2015-03-12 12:00:42'),
(80, '1406', '21210410112', 'ACTELLIC GOLD 10 X 1 KG', 'PCS', '2014-11-20 11:47:15', '2015-03-12 11:59:05'),
(81, '1407', '21210410114', 'ACTELLIC GOLD 1 X 25 KG', 'PCS', '2014-11-20 11:47:15', '2014-11-20 08:47:15'),
(82, '1408', '21210410115', 'ACTELLIC GOLD 5 X 2 KG', 'PCS', '2014-11-20 11:47:15', '2015-03-12 12:00:10'),
(83, '1409', '21220400401', 'ACTELLIC SUPER 24X 100GM', 'PCS', '2014-11-20 11:47:15', '2015-03-12 11:59:49'),
(84, '1410', '21220400402', 'ACTELLIC SUPER 12X 200GM', 'PCS', '2014-11-20 11:47:15', '2015-03-12 11:59:35'),
(85, '1411', '21220400403', 'ACTELLIC SUPER 12X 500GM', 'PCS', '2014-11-20 11:47:15', '2015-03-12 11:58:52'),
(86, '1412', '21220400404', 'ACTELLIC SUPER 6X 1KG', 'PCS', '2014-11-20 11:47:15', '2015-03-12 11:58:38'),
(87, '1413', '21220400405', 'ACTELLIC SUPER 6X 2KG', 'PCS', '2014-11-20 11:47:15', '2015-03-12 11:58:24'),
(88, '1414', '21220400406', 'Actellic Super 1x 25Kg', 'PCS', '2014-11-20 11:47:15', '2014-11-20 08:47:15'),
(89, '1415', '21220400407', 'ACTELLIC SUPER 24X50GM', 'PCS', '2014-11-20 11:47:15', '2015-03-12 11:58:10'),
(90, '1500', '21110505804', 'Twiga 2,4-D 1x 200Lt', 'PCS', '2014-11-20 11:47:15', '2014-11-20 08:47:15'),
(91, '1501', '21110507601', 'TWIGAMETHALIN 1X200LTS', 'PCS', '2014-11-20 11:47:16', '2014-11-20 08:47:16'),
(92, '1502', '21110508201', 'TWIGAPRO-P 75 EW 4X5 LT', 'PCS', '2014-11-20 11:47:16', '2015-03-12 11:57:52'),
(93, '1503', '21110508503', 'TWIGASATE 48% SL 1x 200LT', 'PCS', '2014-11-20 11:47:16', '2014-11-20 08:47:16'),
(94, '1504', '21110508504', 'TWIGA SATE 48% SL 1 x 20LTR', 'PCS', '2014-11-20 11:47:16', '2014-11-20 08:47:16'),
(95, '1505', '21120505802', 'TWIGA 2,4-D 4X 5LT', 'PCS', '2014-11-20 11:47:16', '2015-03-12 11:57:18'),
(96, '1506', '21120505803', 'Twiga 2,4-D 1x 20Lt', 'PCS', '2014-11-20 11:47:16', '2014-11-20 08:47:16'),
(97, '1507', '21120505804', 'TWIGA 2,4-D 10 X 1LT', 'PCS', '2014-11-20 11:47:16', '2015-03-12 11:57:05'),
(98, '1508', '21120507602', 'TWIGAMETHALIN 1X20LTS', 'PCS', '2014-11-20 11:47:16', '2014-11-20 08:47:16'),
(99, '1509', '21120508506', 'TWIGASATE 48% 4 X 5LT', 'PCS', '2014-11-20 11:47:16', '2015-03-12 11:56:53'),
(100, '1510', '21120508507', 'TWIGASATE 48% 20 X 200 ML', 'PCS', '2014-11-20 11:47:16', '2015-03-12 11:56:39'),
(101, '1511', '21120508508', 'TWIGASATE 48% 20 X 500 ML', 'PCS', '2014-11-20 11:47:16', '2015-03-12 12:06:55'),
(102, '1512', '21120508509', 'TWIGASATE 48% SL 10X 1LT', 'PCS', '2014-11-20 11:47:16', '2015-03-12 12:42:04'),
(103, '1513', '21120510001', 'TWIGAMEXYL 080 EC 6 X 1LT', 'PCS', '2014-11-20 11:47:16', '2015-03-12 12:42:16'),
(104, '1514', '21120510002', 'TWIGAMEXYL 080 EC 4 X 5LT', 'PCS', '2014-11-20 11:47:16', '2015-03-12 12:42:44'),
(105, '1515', '21120606610', 'TWIGATHOATE 40 E.C 20X500 ML', 'PCS', '2014-11-20 11:47:16', '2015-03-12 12:45:00'),
(106, '1516', '21210502301', 'GRAMOXONE 12X 500ML', 'PCS', '2014-11-20 11:47:16', '2015-03-12 12:43:26'),
(107, '1517', '21210502303', 'GRAMOXONE 4X 5LT', 'PCS', '2014-11-20 11:47:16', '2015-03-12 12:44:47'),
(108, '1518', '21210502304', 'GRAMOXONE 12X 1LT', 'PCS', '2014-11-20 11:47:16', '2015-03-12 12:44:32'),
(109, '1519', '21220511001', 'GUGUSATE 1 X 200 LT', 'PCS', '2014-11-20 11:47:16', '2014-11-20 08:47:16'),
(110, '1520', '21220511002', 'GUGUSATE 1 X 20 LT', 'PCS', '2014-11-20 11:47:16', '2014-11-20 08:47:16'),
(111, '1521', '21220511003', 'GUGUSATE 4 X 5 LT', 'PCS', '2014-11-20 11:47:16', '2015-03-12 12:41:25'),
(112, '1600', '21110606601', 'TWIGATHOATE 1X200lt', 'PCS', '2014-11-20 11:47:16', '2014-11-20 08:47:16'),
(113, '1601', '21110606803', 'TWIGA ACE 20 X 1 LTR', 'PCS', '2014-11-20 11:47:17', '2015-03-12 12:44:19'),
(114, '1602', '21120601804', 'Duduthrin 1.75EC 1x 20Lt', 'PCS', '2014-11-20 11:47:17', '2014-11-20 08:47:17'),
(115, '1603', '21120601808', 'DUDUTHRIN 1.75 E.C 20X100ML', 'PCS', '2014-11-20 11:47:17', '2015-03-12 12:44:06'),
(116, '1604', '21120601809', 'DUDUTHRIN 1.75 E.C 20X50ML', 'PCS', '2014-11-20 11:47:17', '2015-03-12 12:40:23'),
(117, '1605', '21120601810', 'DUDUTHRIN 1.75EC 10X1LT', 'PCS', '2014-11-20 11:47:17', '2015-03-12 12:42:31'),
(118, '1606', '21120601811', 'DUDUTHRIN 1.75 E.C 20 X 500 ML', 'PCS', '2014-11-20 11:47:17', '2015-03-12 12:43:12'),
(119, '1607', '21120601812', 'DUDUTHRIN 1.75EC 20 X 200 ML', 'PCS', '2014-11-20 11:47:17', '2015-03-12 12:42:59'),
(120, '1608', '21120606606', 'TWIGATHOATE 40EC 1X20LT', 'PCS', '2014-11-20 11:47:17', '2014-11-20 08:47:17'),
(121, '1609', '21120606607', 'TWIGATHOATE 40 E.C 20X100ML', 'PCS', '2014-11-20 11:47:17', '2015-03-12 12:41:38'),
(122, '1610', '21120606608', 'TWIGATHOATE 40 E.C 20X50ML', 'PCS', '2014-11-20 11:47:17', '2015-03-12 12:43:53'),
(123, '1611', '21120606801', 'TWIGA ACE 20X500ML', 'PCS', '2014-11-20 11:47:17', '2015-03-12 12:07:07'),
(124, '1612', '21120606802', 'TWIGA ACE 4X5LT', 'PCS', '2014-11-20 11:47:17', '2015-03-12 12:43:40'),
(125, '1613', '21120606805', 'TWIGA ACE SL 20 X 100 ML', 'PCS', '2014-11-20 11:47:17', '2015-03-12 12:38:26'),
(126, '1614', '21120606807', 'TWIGA ACE 20X200ML', 'PCS', '2014-11-20 11:47:17', '2015-03-12 12:38:38'),
(127, '1615', '21120610401', 'KATRIN 25 EC 20 X 100 ML', 'PCS', '2014-11-20 11:47:17', '2015-03-12 12:41:52'),
(128, '1616', '21120610402', 'KATRIN 25 EC 20 X 500 ML', 'PCS', '2014-11-20 11:47:17', '2015-03-12 12:38:01'),
(129, '1617', '21120610403', 'KATRIN 25 EC 10 X 1 LT', 'PCS', '2014-11-20 11:47:17', '2015-03-12 12:40:08'),
(130, '1618', '21120611201', 'TWIGAPYRIFOS 480 EC 1 X 20 LT', 'PCS', '2014-11-20 11:47:17', '2014-11-20 08:47:17'),
(131, '1619', '21120611202', 'TWIGAPYRIFOS 480 EC 10 X 1 LT', 'PCS', '2014-11-20 11:47:17', '2015-03-12 12:37:48'),
(132, '1620', '21120611203', 'TWIGAPYRIFOS 480 EC 20 X 500 ML', 'PCS', '2014-11-20 11:47:17', '2015-03-12 12:38:12'),
(133, '1621', '21120611204', 'TWIGAPYRIFOS 480 EC 20 X 200 ML', 'PCS', '2014-11-20 11:47:17', '2015-03-12 12:38:50'),
(134, '1622', '21120611205', 'TWIGAPYRIFOS 480 EC 20 X 100 ML', 'PCS', '2014-11-20 11:47:17', '2015-03-12 12:39:34'),
(135, '1623', '21120611206', 'TWIGAPYRIFOS 480 EC 20 X 50 ML', 'PCS', '2014-11-20 11:47:18', '2015-03-12 12:39:00'),
(136, '1624', '21210600102', 'ACTARA 25WG 10X1KG', 'PCS', '2014-11-20 11:47:18', '2015-03-12 12:39:11'),
(137, '1625', '21210600205', 'ACTELLIC 25EC 24X 100ML', 'PCS', '2014-11-20 11:47:18', '2015-03-12 12:39:21'),
(138, '1626', '21220600802', 'APPLAUD 10 X 1 LT', 'PCS', '2014-11-20 11:47:18', '2015-03-12 12:39:52'),
(139, '1627', '21220605004', 'Sumithion Super 1x 20Lt', 'PCS', '2014-11-20 11:47:18', '2014-11-20 08:47:18'),
(140, '1628', '21220605007', 'SUMITHION SUPER 20X200ML', 'PCS', '2014-11-20 11:47:18', '2015-03-12 12:37:38'),
(141, '1629', '21220605008', 'SUMITHION SUPER 10X500ML', 'PCS', '2014-11-20 11:47:18', '2015-03-12 12:37:27'),
(142, '1630', '21220605009', 'SUMITHION SUPER 10X1LT', 'PCS', '2014-11-20 11:47:18', '2015-03-12 12:08:50'),
(143, '1631', '21220605010', 'SUMITHION SUPER 20 X 100 ML', 'PCS', '2014-11-20 11:47:18', '2015-03-12 12:08:34'),
(144, '1632', '21220605011', 'SUMITHION SUPER 20 X 50 ML', 'PCS', '2014-11-20 11:47:18', '2015-03-12 12:08:25'),
(145, '2200', '21210807302', 'PROTREAT 4X5LT', 'PCS', '2014-11-20 11:47:18', '2015-03-12 12:08:14'),
(146, '2400', '21210603203', 'MATCH 050EC 12X1LT', 'PCS', '2014-11-20 11:47:18', '2015-03-12 12:08:01'),
(147, '2401', '21221100502', 'Agral 90 1x 20Lt', 'PCS', '2014-11-20 11:47:18', '2014-11-20 08:47:18'),
(148, '2600', '21210903601', 'Nemasol 1x 60Lt', 'PCS', '2014-11-20 11:47:18', '2014-11-20 08:47:18'),
(149, '2800', '21111011301', 'TWIGA IRON 10 X 1 KG', 'PCS', '2014-11-20 11:47:18', '2015-03-12 12:07:29'),
(150, '2801', '21210308001', 'SEQUESTRENE 20X1KG', 'PCS', '2014-11-20 11:47:18', '2015-03-12 12:07:16'),
(151, '2802', '21211004903', 'Solubor 1x 25Kg', 'PCS', '2014-11-20 11:47:18', '2014-11-20 08:47:18'),
(152, '2803', '21211006201', 'Rosasol-P 10.50.10 1x 25kg', 'PCS', '2014-11-20 11:47:18', '2014-11-20 08:47:18'),
(153, '2804', '21211006301', 'Rosasol-Even 20.20.20 1x 25kg', 'PCS', '2014-11-20 11:47:18', '2014-11-20 08:47:18'),
(154, '2805', '21211006901', 'ROSASOL-K 12.12.36 1x25KG', 'PCS', '2014-11-20 11:47:18', '2014-11-20 08:47:18'),
(155, '2806', '21211008601', 'ROSASOL N 25KG', 'Kg', '2014-11-20 11:47:18', '2014-11-20 08:47:18'),
(156, '2807', '21211008604', 'ROSASOL N 20 X 200GM', 'PCS', '2014-11-20 11:47:19', '2015-03-12 12:34:02'),
(157, '2808', '21211008605', 'ROSASOL N 10 X 1KG', 'PCS', '2014-11-20 11:47:19', '2015-03-12 12:34:15'),
(158, '2809', '21211009101', 'CODAMIX 12 X 1 LT', 'PCS', '2014-11-20 11:47:19', '2015-03-12 12:36:22'),
(159, '2810', '21211009201', 'CODAPHOS K 12 X 1 LT', 'PCS', '2014-11-20 11:47:19', '2015-03-12 12:36:37'),
(160, '2811', '21211009301', 'CODASUL PH 1 X 5LT', 'PCS', '2014-11-20 11:47:19', '2014-11-20 08:47:19'),
(161, '2812', '21211009401', 'CODAMIN B-MO 12 X 1LT', 'PCS', '2014-11-20 11:47:19', '2015-03-12 12:36:50'),
(162, '2813', '21211009402', 'CODAMIN B-MO 1 X 20 LT', 'PCS', '2014-11-20 11:47:19', '2014-11-20 08:47:19'),
(163, '2814', '21211009502', 'CODAMIN RADICULAR 4 X 5 LT', 'PCS', '2014-11-20 11:47:19', '2015-03-12 12:37:06'),
(164, '2815', '21211009601', 'CODAHUMUS 20 4 X 5 LT', 'PCS', '2014-11-20 11:47:19', '2015-03-12 12:18:43'),
(165, '2816', '21211009701', 'CODASAL PLUS 2000 4 X 5 LT', 'PCS', '2014-11-20 11:47:19', '2015-03-12 12:33:48'),
(166, '2817', '21211009702', 'CODASAL PLUS 2000 1 X 20 LT', 'PCS', '2014-11-20 11:47:19', '2014-11-20 08:47:19'),
(167, '2818', '21211009801', 'CODA -ZN-L 12 X 1 LT', 'PCS', '2014-11-20 11:47:19', '2015-03-12 12:33:21'),
(168, '2819', '21211009802', 'CODA-ZN -L 4 X 5 LT', 'PCS', '2014-11-20 11:47:19', '2015-03-12 12:33:34'),
(169, '2820', '21211009803', 'CODA-ZN -L 12 X  500 ML', 'PCS', '2014-11-20 11:47:19', '2015-03-12 12:18:31'),
(170, '2821', '21211009804', 'CODA ZN -L 24 X  500 ML', 'PCS', '2014-11-20 11:47:19', '2015-03-12 12:33:07'),
(171, '2822', '21211009805', 'CODA-ZN -L 1 X 20 LT', 'PCS', '2014-11-20 11:47:19', '2014-11-20 08:47:19'),
(172, '2823', '21211011101', 'CODABOR 1 X 20 LT', 'PCS', '2014-11-20 11:47:19', '2014-11-20 08:47:19'),
(173, '2824', '21221004901', 'SOLUBOR 6X 1KG', 'PCS', '2014-11-20 11:47:19', '2015-03-12 12:19:10'),
(174, '2825', '21221004902', 'Solubor 1x 5Kg', 'PCS', '2014-11-20 11:47:19', '2014-11-20 08:47:19'),
(175, '2826', '21221004905', 'SOLUBOR 10 X 1 KG', 'PCS', '2014-11-20 11:47:19', '2015-03-12 12:18:20'),
(176, '2827', '21221004906', 'SOLUBOR 20 X 250 GM', 'PCS', '2014-11-20 11:47:20', '2015-03-12 12:17:51'),
(177, '2828', '21221006205', 'ROSASOL - P 10.50.10 20 X 200GM', 'PCS', '2014-11-20 11:47:20', '2015-03-12 12:18:06'),
(178, '2829', '21221006206', 'ROSASOL - P 10.50.10 10 X 1KG', 'PCS', '2014-11-20 11:47:20', '2015-03-12 12:32:53'),
(179, '2830', '21221006302', 'Rosasol-Even 20.20.20 5kg', 'PCS', '2014-11-20 11:47:20', '2014-11-20 08:47:20'),
(180, '2831', '21221006305', 'ROSASOL - E 20.20.20 20 X 200GM', 'PCS', '2014-11-20 11:47:20', '2015-03-12 12:17:23'),
(181, '2832', '21221006306', 'ROSASOL - E 20.20.20 10 X 1KG', 'PCS', '2014-11-20 11:47:20', '2015-03-12 12:17:10'),
(182, '2833', '21221006904', 'ROSASOL - K 20 X 200GM', 'PCS', '2014-11-20 11:47:20', '2015-03-12 12:15:33'),
(183, '2834', '21221006905', 'ROSASOL - K 10 X 1KG', 'PCS', '2014-11-20 11:47:20', '2015-03-12 12:16:06'),
(184, '2835', '21221007101', 'ERGOSTIM 24X50ML', 'PCS', '2014-11-20 11:47:20', '2015-03-12 12:16:58'),
(185, '2836', '21221007102', 'ERGOSTIM 24X100ML', 'PCS', '2014-11-20 11:47:20', '2015-03-12 12:17:33'),
(186, '2837', '21221007103', 'ERGOSTIM 12X500ML', 'PCS', '2014-11-20 11:47:20', '2015-03-12 12:15:05'),
(187, '3000', '21112647102', 'TWIGATRAZ 10 X 1L', 'PCS', '2015-01-28 16:39:43', '2015-03-12 12:15:16'),
(188, '3001', '21112647103', 'TWIGATRAZ 20 X 500 ML', 'PCS', '2015-01-28 16:39:43', '2015-03-12 12:16:31'),
(189, '3002', '21112647105', 'TWIGATRAZ 40 X 250ML', 'PCS', '2015-01-28 16:39:43', '2015-03-12 12:16:45'),
(190, '3003', '21112740201', 'TWIGAMYCIN 10% 100 X 50 ML', 'PCS', '2015-01-28 16:39:43', '2015-03-12 12:15:44'),
(191, '3004', '21112740202', 'TWIGAMYCIN 10% 100 X 100 ML', 'PCS', '2015-01-28 16:39:43', '2015-03-12 12:15:54'),
(192, '3005', '21112740203', 'TWIGAMYCINE 10% 20 X 250 ML', 'PCS', '2015-01-28 16:39:43', '2015-03-12 12:16:21'),
(193, '3006', '21112740301', 'TWIGACYCLINE 20% 100 X 50 ML', 'PCS', '2015-01-28 16:39:43', '2015-03-12 12:13:35'),
(194, '3007', '21112740302', 'TWIGACYCLINE 20% 100 X 100 ML', 'PCS', '2015-01-28 16:39:43', '2015-03-12 12:14:53'),
(195, '3008', '21112940001', 'TWIGAZOLE 2.5% 24 X 120 ML', 'PCS', '2015-01-28 16:39:43', '2015-03-12 12:14:15'),
(196, '3009', '21112940002', 'TWIGAZOLE 2.5% 12 X 500 ML', 'PCS', '2015-01-28 16:39:43', '2015-03-12 12:13:55'),
(197, '3010', '21112940003', 'TWIGAZOLE 2.5% 10 X 1 LT', 'PCS', '2015-01-28 16:39:43', '2015-03-12 12:13:46'),
(198, '3011', '21112940004', 'TWIGAZOLE 2.5% 24 X 500ML', 'PCS', '2015-01-28 16:39:43', '2015-03-12 12:14:04'),
(199, '3012', '21112940101', 'TWIGAZOLE 10% 24 X 40 ML', 'PCS', '2015-01-28 16:39:43', '2015-03-12 12:14:24'),
(200, '3013', '21112940102', 'TWIGAZOLE 10% 24 X 120 ML', 'PCS', '2015-01-28 16:39:43', '2015-03-12 12:13:22'),
(201, '3014', '21112940103', 'TWIGAZOLE 10% 12 X 500 ML', 'PCS', '2015-01-28 16:39:43', '2015-03-12 12:10:10'),
(202, '3015', '21112940104', 'TWIGAZOLE 10% 10 X 1 LT', 'PCS', '2015-01-28 16:39:43', '2015-03-12 12:10:21'),
(203, '3016', '21112940105', 'TWIGAZOLE 10% 24 X 500ML', 'PCS', '2015-01-28 16:39:43', '2015-03-12 12:12:59'),
(204, '3017', '21112940401', 'TWIGAMEC 400 X 10 ML', 'PCS', '2015-01-28 16:39:43', '2015-03-12 12:12:20'),
(205, '3018', '21112940402', 'TWIGAMEC 100 X 50 ML', 'PCS', '2015-01-28 16:39:43', '2015-03-12 12:12:32'),
(206, '3019', '21112940403', 'TWIGAMEC 100 X 100 ML', 'PCS', '2015-01-28 16:39:43', '2015-03-12 12:10:42'),
(207, '3020', '21113240501', 'TWIGA DICALCIUM PHOSPHATE 12X250GM', 'PCS', '2015-01-28 16:39:43', '2015-03-12 12:11:26'),
(208, '3021', '21113240502', 'TWIGA DICALCIUM PHOSPHATE 12X500GM', 'PCS', '2015-01-28 16:39:43', '2015-03-12 12:10:31'),
(209, '3022', '21113240601', 'TWIGALICK MAZIWA MAX 10 X 1 KG', 'PCS', '2015-01-28 16:39:43', '2015-03-12 12:10:57'),
(210, '3023', '21113240602', 'TWIGALICK MAZIWA MAX 10 X 2 KG', 'PCS', '2015-01-28 16:39:43', '2015-03-12 12:11:37'),
(211, '3024', '21122647201', 'TWIGATRAZ 20 X 100ML', 'PCS', '2015-01-28 16:39:43', '2015-03-12 12:11:14'),
(212, '3025', '21122647202', 'TWIGATRAZ 20 X 40ML', 'PCS', '2015-01-28 16:39:43', '2015-03-12 12:12:43'),
(213, '3026', '21123229901', 'TWIGALICK MAZIWA POWDER 12X 1KG', 'PCS', '2015-01-28 16:39:43', '2015-03-12 12:12:00'),
(214, '3027', '21123229902', 'TWIGALICK MAZIWA POWDER 10X 2KG', 'PCS', '2015-01-28 16:39:43', '2015-03-12 12:12:11'),
(215, '3028', '21123229903', 'TWIGALICK MAZIWA POWDER 1X 5KG', 'PCS', '2015-01-28 16:39:43', '2015-01-28 13:40:06'),
(216, '3029', '21123229904', 'TWIGALICK MAZIWA POWDER 1X 10KG', 'PCS', '2015-01-28 16:39:43', '2015-01-28 13:40:06'),
(217, '3030', '21123229905', 'TWIGALICK MAZIWA POWDER 4 X 5 KG', 'PCS', '2015-01-28 16:39:43', '2015-03-12 12:11:48'),
(218, '3031', '21123230001', 'TWIGALICK MINERAL BLOCK 12X 2KG', 'PCS', '2015-01-28 16:39:43', '2015-03-12 12:09:56'),
(219, '3032', '21123230002', 'TWIGALICK MINERAL BLOCK 10 X 2 KG', 'PCS', '2015-01-28 16:39:43', '2015-03-12 12:09:40'),
(220, '3033', '21123239601', 'TWIGALICK - STOCK LICK 1X25KG', 'PCS', '2015-01-28 16:39:43', '2015-01-28 13:40:06'),
(221, '3034', '21123239602', 'TWIGALICK-STOCKLICK 10 X 2KG', 'PCS', '2015-01-28 16:39:43', '2015-03-12 12:09:25'),
(222, '3035', '21123239603', 'TWIGALICK-STOCKLICK 1 X 5KG', 'PCS', '2015-01-28 16:39:43', '2015-01-28 13:40:06'),
(223, '3036', '21123239604', 'TWIGALICK STOCKLICK 4 X 5 KG', 'PCS', '2015-01-28 16:39:43', '2015-03-12 12:09:09'),
(224, '3037', '21213436201', '200AY0102 SHADY WALNUT CONN 1 STRAW', 'PCS', '2015-01-28 16:39:43', '2015-01-28 13:40:06'),
(225, '3038', '21213535901', '54BS285 LOST ELM PRESIDENT 1 STRAW', 'PCS', '2015-01-28 16:39:43', '2015-01-28 13:40:06'),
(226, '3039', '21213736501', '200HO4624 BRIGEEN GIVENCHY-ET 1 STRAW', 'PCS', '2015-01-28 16:39:43', '2015-01-28 13:40:06'),
(227, '3040', '21213932901', '073CH0029 TMR EMMINENCE 3E 1 STRAW', 'PCS', '2015-01-28 16:39:43', '2015-01-28 13:40:06'),
(228, '3041', '21213933601', '073LM0018 DES PEULPIERS HULK 1 STRAW', 'PCS', '2015-01-28 16:39:43', '2015-01-28 13:40:06'),
(229, '3042', '21213933701', '200AN0400 DD ELEVATION 1 STRAW', 'PCS', '2015-01-28 16:39:43', '2015-01-28 13:40:06'),
(230, '3043', '21213934201', '200BB300 DEL ORIGINAL KAMAKAZE 1 STRAW', 'PCS', '2015-01-28 16:39:43', '2015-01-28 13:40:06'),
(231, '3044', '21213934301', '200CH0100 VAL END LANDMARK 1 STRAW', 'PCS', '2015-01-28 16:39:43', '2015-01-28 13:40:06'),
(232, '3045', '21213935701', '200LM0105 ROYAL OPTIONS CANE 8 1 STRAW', 'PCS', '2015-01-28 16:39:43', '2015-01-28 13:40:06'),
(233, '4001', '151SEAY0040', '200AY00635 KELLCREST LANDSCAPE-ET 1 STRAW', 'PCS', '2015-03-23 11:34:35', '2015-03-23 08:34:58'),
(234, '4002', '151SEAY0035', '200AY00694 KELLCREST LONGRUN-ET 1 STRAW', 'PCS', '2015-03-23 11:34:35', '2015-03-23 08:34:58'),
(235, '4003', '151SEHO0120', '200HO02495 SANDY-VALLEY BRYSON-ET 1 STRAW', 'PCS', '2015-03-23 11:34:35', '2015-03-23 08:34:58'),
(236, '4004', '151SEHO0109', '200HO02333 SANDY-VALLEY TESTON-ET 1 STRAW', 'PCS', '2015-03-23 11:34:35', '2015-03-23 08:34:58'),
(237, '4005', '151SEHO0108', '200HO02122 PARADISE-D GILMORE-ET 1 STRAW', 'PCS', '2015-03-23 11:34:35', '2015-03-23 08:34:58'),
(238, '4006', '151SEAY0039', '200AY00664 RONICK SIMBAD 1 STRAW', 'PCS', '2015-03-23 11:34:35', '2015-03-23 08:34:58'),
(239, '4007', '151SEBS0001', '200BS0406 HILLTOP ACRES GOLDMINE', 'PCS', '2015-03-23 11:34:35', '2015-03-23 08:34:58'),
(240, '4008', '151SEAY0032', '777AY0677 FOREVER SCHOON EIFFEL-SEXED SEMEN 1 STRAW', 'PCS', '2015-03-23 11:34:35', '2015-03-23 08:34:58'),
(241, '4009', '151SEAY0026', '200AY0652 NEXUS DREAMER', 'PCS', '2015-03-23 11:34:35', '2015-03-23 08:34:58'),
(242, '4010', '151SEHO0111', '200HO02595 SANDY-VALLEY TIAGO-ET 1 STRAW', 'PCS', '2015-03-23 11:34:35', '2015-03-23 08:34:58'),
(243, '4011', '151SEHO0118', '200HO03701 LADYS-MANOR ANDERS-ET 1 STRAW', 'PCS', '2015-03-23 11:34:35', '2015-03-23 08:34:58'),
(244, '4012', '151SEHO0084', '777HO3559 VIORIS SLEEMAN-SEXXED', 'PCS', '2015-03-23 11:34:35', '2015-03-23 08:34:58'),
(245, '4013', '151SEHO0113', '200HO06163 ROCKYPATH-HO BLUFF-ET 1 STRAW', 'PCS', '2015-03-23 11:34:35', '2015-03-23 08:34:58'),
(246, '4014', '151SEHO0115', '200HO05575 GILLETTE JORDAN 1 STRAW', 'PCS', '2015-03-23 11:34:35', '2015-03-23 08:34:58'),
(247, '4015', '151SEHO0119', '200HO03695 CHARTOISE SATISFACTION -ET 1 STRAW', 'PCS', '2015-03-23 11:34:35', '2015-03-23 08:34:58'),
(248, '4016', '151SEJE0007', '200JE0430 LENCREST ON TIME', 'PCS', '2015-03-23 11:34:35', '2015-03-23 08:34:58'),
(249, '4017', '151SEHO0114', '200HO05908 HENDEL BIGSTONE-ET 1 STRAW', 'PCS', '2015-03-23 11:34:35', '2015-03-23 08:34:58'),
(250, '4019', '151SEJE0015', '200JE0035 SUNSET CANYON MAFIOSO', 'PCS', '2015-03-23 11:34:35', '2015-03-23 08:34:58'),
(251, '4020', '151SEAY0036', '200AY00341 CYN LORR SYND PARISTO 1 STRAW', 'PCS', '2015-03-23 11:34:35', '2015-03-23 08:34:58'),
(252, '4021', '151SEAY0005', '200AY0308 VISSERDALE DILLIGENT', 'PCS', '2015-03-23 11:34:35', '2015-03-23 08:34:58'),
(253, '3046', '21113240603', 'TWIGALICK MAZIWA MAX 4X5KG', 'PCS', '2015-04-29 13:44:47', '2015-04-29 10:45:10'),
(254, '4022', '151SEAYO041', '0200AY00651 LA SAPINIERE CACYBO 1 STRAW', 'PCS', '2015-06-10 15:35:24', '2015-06-10 12:35:47'),
(255, '4023', '151SEHO0121', '0200HO03523 GILLETTE WATCH OUT 1 STRAW', 'PCS', '2015-06-10 15:41:06', '2015-06-10 12:41:29'),
(256, '4024', '151SEHO0122', '008HO06053 STANTONS CAPITAL GAIN 1 STRAW', 'PCS', '2015-06-10 15:41:06', '2015-06-10 12:41:29'),
(257, '4025', '151SEHO0123', '0777HO03888 GREENLANE SUNNYLODGE SEA 1 STRAW', 'PCS', '2015-06-10 15:41:06', '2015-06-10 12:41:29'),
(258, '4026', '151SEHO0124', '0200HO05577 GILLETTE JERRICK 1 STRAW', 'PCS', '2015-06-10 15:41:06', '2015-06-10 12:41:29'),
(259, '4027', '151SEJE0017', '0777JE0100 GABYS BRAZIL 1 STRAW', 'PCS', '2015-06-10 15:41:06', '2015-06-10 12:41:29'),
(260, '3047', '21112940005', 'TWIGAZOLE 2.5% 20 X 120ML', 'PCS', '2015-06-10 15:44:11', '2015-06-10 12:44:34'),
(261, '3048', '21112940006', 'TWIGAZOLE 2.5% 20 X 500ML', 'PCS', '2015-06-10 15:44:11', '2015-06-10 12:44:34'),
(262, '3049', '21112940106', 'TWIGAZOLE 10% 20 X 500 ML', 'PCS', '2015-06-10 15:44:11', '2015-06-10 12:44:34'),
(263, '3050', '21112940107', 'TWIGAZOLE 10% 20 X 120ML', 'PCS', '2015-06-10 15:44:11', '2015-06-10 12:44:34'),
(264, '3051', '21113240503', 'TWIGA DICALCIUM PHOSPHATE 20X 250GM', 'PCS', '2015-06-10 15:44:11', '2015-06-10 12:44:34'),
(265, '3052', '21113240504', 'TWIGA DICALCIUM PHOSPHATE 10X 500GM', 'PCS', '2015-06-10 15:44:11', '2015-06-10 12:44:34'),
(266, '3053', '21113240505', 'TWIGA DICALCIUM PHOSPHATE 20X 500GM', 'PCS', '2015-06-10 15:44:11', '2015-06-10 12:44:34'),
(267, '4039', '151SEHO0103', '200HO03605 GILLETTE WHITEFACE 1 STRAW', 'PCS', '2015-06-18 11:02:22', '2015-06-18 08:02:45'),
(268, '4043', '151SEHO0107', '200HO00402 MAINSTREAM MANIFOLD 1 STRAW', 'PCS', '2015-06-18 11:02:22', '2015-06-18 08:02:45'),
(269, '4052', '151SEHO0116', '777HO00577 DE-SU AUTHORITY-ET 1 STRAW', 'PCS', '2015-06-18 11:02:22', '2015-06-18 08:02:45'),
(270, '4037', '151SEHO0097', '200HO5633 COMESTAR LESSENTIELL', 'PCS', '2015-06-18 11:02:22', '2015-06-18 08:02:45'),
(271, '4062', '151SEHO0039', '200HO5239 LA-PRESENTATION DENZEL', 'PCS', '2015-06-18 11:02:22', '2015-06-18 08:02:45'),
(272, '4055', '151SEJE0001', '200JE0303 SHF CENTURION SULTAN', 'PCS', '2015-06-18 11:14:38', '2015-06-18 08:15:01'),
(273, '4066', '151SEHO0060', '200HO5379 KERNDT STALLION', 'PCS', '2015-06-18 12:06:49', '2015-06-18 09:07:12'),
(274, '4067', '151SEHO0068', '200HO9211 PEACHY TIMBER', 'PCS', '2015-06-18 12:06:49', '2015-06-18 09:07:12');

-- --------------------------------------------------------

--
-- Table structure for table `purchase_products`
--

CREATE TABLE IF NOT EXISTS `purchase_products` (
`id` int(20) NOT NULL,
  `purchase_report_id` int(11) NOT NULL,
  `purchase_invoice_no` varchar(30) NOT NULL,
  `sku_code` varchar(30) NOT NULL,
  `quantity` int(30) NOT NULL,
  `created` timestamp NOT NULL DEFAULT CURRENT_TIMESTAMP
) ENGINE=InnoDB DEFAULT CHARSET=latin1;

-- --------------------------------------------------------

--
-- Table structure for table `purchase_reports`
--

CREATE TABLE IF NOT EXISTS `purchase_reports` (
`id` int(15) NOT NULL,
  `stockist_id` int(11) NOT NULL,
  `msisdn` varchar(12) NOT NULL,
  `distributor_code` varchar(20) NOT NULL,
  `invoice_no` varchar(30) NOT NULL,
  `purchase_date` varchar(30) NOT NULL,
  `created` timestamp NOT NULL DEFAULT CURRENT_TIMESTAMP
) ENGINE=InnoDB DEFAULT CHARSET=latin1;

-- --------------------------------------------------------

--
-- Table structure for table `regions`
--

CREATE TABLE IF NOT EXISTS `regions` (
`id` int(11) NOT NULL,
  `name` varchar(50) NOT NULL,
  `description` text NOT NULL,
  `modified` timestamp NOT NULL DEFAULT CURRENT_TIMESTAMP ON UPDATE CURRENT_TIMESTAMP,
  `created` datetime NOT NULL
) ENGINE=InnoDB AUTO_INCREMENT=7 DEFAULT CHARSET=latin1;

--
-- Dumping data for table `regions`
--

INSERT INTO `regions` (`id`, `name`, `description`, `modified`, `created`) VALUES
(1, 'COAST', 'COAST', '2015-04-15 11:20:14', '2014-11-20 15:49:09'),
(2, 'MID RIFT', 'MID RIFT', '2015-04-15 11:21:06', '2014-11-20 15:49:10'),
(3, 'MT KENYA', 'CENTRAL', '2015-04-15 11:20:34', '2014-11-20 15:49:10'),
(4, 'CENTRAL', 'CENTRAL', '2015-01-27 12:16:10', '2014-11-20 15:49:10'),
(5, 'NORTH RIFT', 'NORTH RIFT', '2015-04-15 11:20:53', '2014-11-20 15:49:10'),
(6, 'SOUTH RIFT', 'SOUTH RIFT', '2014-12-09 07:35:26', '2014-11-20 15:49:10');

-- --------------------------------------------------------

--
-- Table structure for table `replies`
--

CREATE TABLE IF NOT EXISTS `replies` (
`id` int(10) unsigned NOT NULL,
  `sent_to` varchar(20) NOT NULL,
  `biz_name` varchar(100) NOT NULL,
  `msg_id` int(11) NOT NULL,
  `message` text,
  `reply` varchar(200) NOT NULL,
  `sent_by` varchar(100) NOT NULL,
  `created` timestamp NOT NULL DEFAULT CURRENT_TIMESTAMP
) ENGINE=InnoDB DEFAULT CHARSET=latin1;

-- --------------------------------------------------------

--
-- Table structure for table `settings`
--

CREATE TABLE IF NOT EXISTS `settings` (
`id` int(10) unsigned NOT NULL,
  `title` varchar(50) NOT NULL,
  `value1` varchar(150) NOT NULL,
  `value2` varchar(150) DEFAULT NULL
) ENGINE=InnoDB AUTO_INCREMENT=3 DEFAULT CHARSET=latin1;

--
-- Dumping data for table `settings`
--

INSERT INTO `settings` (`id`, `title`, `value1`, `value2`) VALUES
(2, 'EMAIL', 'rkibaru@twiga-chem.com', NULL);

-- --------------------------------------------------------

--
-- Table structure for table `smsin`
--

CREATE TABLE IF NOT EXISTS `smsin` (
`id` int(11) NOT NULL,
  `msisdn` varchar(20) NOT NULL,
  `message` text NOT NULL,
  `type` varchar(30) NOT NULL,
  `group` varchar(40) NOT NULL,
  `status` varchar(20) NOT NULL DEFAULT 'Pending',
  `request_id` varchar(40) NOT NULL,
  `created` timestamp NOT NULL DEFAULT CURRENT_TIMESTAMP
) ENGINE=InnoDB DEFAULT CHARSET=latin1;

-- --------------------------------------------------------

--
-- Table structure for table `smsout`
--

CREATE TABLE IF NOT EXISTS `smsout` (
`id` int(10) unsigned NOT NULL,
  `sent_to` varchar(50) NOT NULL,
  `recipient` varchar(100) DEFAULT NULL,
  `message` text NOT NULL,
  `message_type` varchar(20) NOT NULL DEFAULT 'SINGLE_SMS',
  `sent_by` int(10) NOT NULL,
  `created` timestamp NOT NULL DEFAULT CURRENT_TIMESTAMP
) ENGINE=InnoDB AUTO_INCREMENT=5 DEFAULT CHARSET=latin1;

--
-- Dumping data for table `smsout`
--

INSERT INTO `smsout` (`id`, `sent_to`, `recipient`, `message`, `message_type`, `sent_by`, `created`) VALUES
(1, '254720934467', 'Nakumatt Holdings', 'test', 'SINGLE_SMS', 1, '2016-09-14 11:11:07'),
(2, '254722239724', 'DANMER', 'test', 'SINGLE_SMS', 1, '2016-09-14 14:01:53'),
(3, '254720934467', 'Bethuel S W Lulalire', 'test', 'SINGLE_SMS', 1, '2016-09-14 15:18:02'),
(4, '254720934467', 'Individual', 'fdfsd sdgg', 'SINGLE_SMS', 1, '2016-09-18 21:21:50');

-- --------------------------------------------------------

--
-- Table structure for table `sms_received`
--

CREATE TABLE IF NOT EXISTS `sms_received` (
`id` int(11) NOT NULL,
  `sender_id` int(11) NOT NULL,
  `msisdn` varchar(20) NOT NULL,
  `business_name` varchar(100) DEFAULT NULL,
  `sender_name` varchar(100) DEFAULT NULL,
  `sender_type` varchar(50) NOT NULL,
  `message` text NOT NULL,
  `message_type` varchar(30) NOT NULL,
  `group` varchar(50) NOT NULL,
  `status` varchar(20) NOT NULL DEFAULT 'Pending',
  `created` timestamp NOT NULL DEFAULT CURRENT_TIMESTAMP
) ENGINE=InnoDB AUTO_INCREMENT=4 DEFAULT CHARSET=latin1;

--
-- Dumping data for table `sms_received`
--

INSERT INTO `sms_received` (`id`, `sender_id`, `msisdn`, `business_name`, `sender_name`, `sender_type`, `message`, `message_type`, `group`, `status`, `created`) VALUES
(1, 13, '254720123456', NULL, 'Bethuel Shem Lulalire', 'FARMER', 'test message', 'GROUP', 'FARMER', 'PENDING', '2016-09-18 22:09:27'),
(2, 13, '254720123456', NULL, 'Bethuel Shem Lulalire', 'FARMER', 'farmers', 'UNSUBSCRIPTION', 'farmers', 'AUTO-REPLIED', '2016-09-18 22:18:30'),
(3, 13, '254720123456', NULL, 'Bethuel Shem Lulalire', 'FARMER', 'farmers', 'SUBSCRIPTION', 'farmers', 'AUTO-REPLIED', '2016-09-18 22:19:08');

-- --------------------------------------------------------

--
-- Table structure for table `towns`
--

CREATE TABLE IF NOT EXISTS `towns` (
`id` int(11) NOT NULL,
  `name` varchar(50) NOT NULL,
  `region_id` int(11) NOT NULL,
  `modified` datetime DEFAULT NULL,
  `created` timestamp NOT NULL DEFAULT CURRENT_TIMESTAMP
) ENGINE=InnoDB AUTO_INCREMENT=20 DEFAULT CHARSET=latin1;

--
-- Dumping data for table `towns`
--

INSERT INTO `towns` (`id`, `name`, `region_id`, `modified`, `created`) VALUES
(1, 'EMBU', 3, NULL, '2014-11-20 12:54:33'),
(2, 'GITHURE', 3, NULL, '2014-11-20 12:54:33'),
(3, 'KARURUMO', 3, NULL, '2014-11-20 12:54:33'),
(4, 'KIAMUTUGU', 3, NULL, '2014-11-20 12:54:33'),
(5, 'KIANJOKOMA', 3, NULL, '2014-11-20 12:54:33'),
(6, 'KIBUGU', 3, NULL, '2014-11-20 12:54:34'),
(7, 'NAIROBI', 4, NULL, '2014-11-25 16:05:21'),
(8, 'KITALE', 5, '2014-12-09 10:37:25', '2014-12-09 07:29:34'),
(9, 'NAKURU', 2, NULL, '2014-12-09 07:40:26'),
(10, 'MOLO', 2, NULL, '2014-12-09 07:40:57'),
(11, 'NJORO', 2, NULL, '2014-12-09 07:41:10'),
(12, 'NAIVASHA', 4, NULL, '2014-12-09 07:41:27'),
(13, 'LOWDAR', 5, NULL, '2014-12-09 07:41:53'),
(14, 'MOMBASA', 1, NULL, '2014-12-09 07:42:10'),
(15, 'LAMU', 1, NULL, '2014-12-09 07:42:18'),
(16, 'TAVETA', 1, NULL, '2014-12-09 07:42:26'),
(17, 'BOMET', 6, NULL, '2014-12-09 07:47:52'),
(18, 'NAROK', 6, NULL, '2014-12-09 07:48:22'),
(19, 'GITHUNGURI', 4, NULL, '2015-01-28 12:06:23');

-- --------------------------------------------------------

--
-- Table structure for table `towns_tas`
--

CREATE TABLE IF NOT EXISTS `towns_tas` (
`id` int(11) NOT NULL,
  `region_id` int(11) NOT NULL,
  `town_id` int(11) NOT NULL,
  `ta_id` int(11) NOT NULL,
  `created` timestamp NOT NULL DEFAULT CURRENT_TIMESTAMP
) ENGINE=InnoDB AUTO_INCREMENT=18 DEFAULT CHARSET=latin1;

--
-- Dumping data for table `towns_tas`
--

INSERT INTO `towns_tas` (`id`, `region_id`, `town_id`, `ta_id`, `created`) VALUES
(1, 4, 7, 20, '2014-12-17 11:56:52'),
(2, 1, 14, 21, '2014-12-17 11:56:52'),
(3, 4, 7, 22, '2014-12-17 11:56:52'),
(4, 4, 7, 21, '2014-12-17 12:41:38'),
(5, 3, 5, 22, '2014-12-17 12:46:45'),
(6, 1, 16, 22, '2014-12-18 13:35:15'),
(7, 1, 14, 22, '2014-12-18 13:35:28'),
(8, 1, 15, 22, '2014-12-18 13:35:39'),
(9, 5, 13, 20, '2014-12-18 13:37:04'),
(10, 5, 8, 20, '2014-12-18 13:37:13'),
(11, 4, 12, 21, '2014-12-18 13:38:42'),
(12, 4, 7, 23, '2015-01-13 08:14:02'),
(13, 4, 7, 24, '2015-01-19 09:19:06'),
(15, 4, 19, 25, '2015-04-15 08:40:48'),
(16, 4, 19, 20, '2015-08-24 13:39:11'),
(17, 4, 19, 21, '2015-08-24 13:39:32');

-- --------------------------------------------------------

--
-- Table structure for table `users`
--

CREATE TABLE IF NOT EXISTS `users` (
`id` int(10) unsigned NOT NULL,
  `username` varchar(50) NOT NULL,
  `password` text NOT NULL,
  `fname` varchar(30) NOT NULL,
  `surname` varchar(30) NOT NULL,
  `oname` varchar(40) DEFAULT NULL,
  `mobile` varchar(20) DEFAULT NULL,
  `email` varchar(150) NOT NULL,
  `role` varchar(30) NOT NULL,
  `status` varchar(30) NOT NULL,
  `modified` datetime DEFAULT NULL,
  `created` timestamp NOT NULL DEFAULT CURRENT_TIMESTAMP
) ENGINE=InnoDB AUTO_INCREMENT=23 DEFAULT CHARSET=latin1;

--
-- Dumping data for table `users`
--

INSERT INTO `users` (`id`, `username`, `password`, `fname`, `surname`, `oname`, `mobile`, `email`, `role`, `status`, `modified`, `created`) VALUES
(1, 'bethuel', 'DOYW149Acb2lsgukLU16IekOFfuv3M3UgkJdJY2HJ6GEuAvnkO9Ewu6+9zm+lEMb85YXNz1MITOQMDoqDPTbgg==', 'Bethuel', 'Lulalire', 'Shem', '254720934467', 'lsbethuel@gmail.com', 'ADMIN', 'Active', NULL, '2014-07-30 12:55:35'),
(7, 'robert', 'HevdOXDCQ+OVJneUicosgS5K3Q99LJiFlpw4+MSCQ7rIvnOeeYol0b0fLmPqNy1xunGfGvK8UVKetTc0kp8NzQ==', 'Robert', 'Kibaru', '', '', 'rkibaru@twiga-chem.com', 'ADMIN', 'Active', NULL, '2014-12-08 11:20:58'),
(8, 'christine', '951K9sqIdOwwid7jCLUdcRQFiVoqZBBDTVlvpagtCi8rqIs0iX8fJPIZ5dY+WVsLKO5vsfa/GdFQWVuFrXh9mg==', 'Christine', 'Gathagu', 'Njeri', '', 'cgathagu@twiga-chem.com', 'ADMIN', 'Active', NULL, '2014-12-08 11:33:27'),
(9, 'stella', '8buwXjmvYBON3LqbLTWybDuWASnuxvZapy+sVPL66aqfe0bIigvTo5zB669ZYMjephxn6Y1Qzdhf1wJkSwbiiA==', 'stella', 'kinyua', 'mumbi', '254724525195', 'kinyuastella@gmail.com', 'SUPER_USER', 'Suspended', NULL, '2014-12-08 14:04:24'),
(10, 'faithmutie', 'iaXtOskjwdaONPjdlkcEQ4a7IDAQ1RmnGYGMgK1mvcxh8CounkhdogGzCGRlwLBh5CpA48GF4SErrG/sHR6Vpw==', 'Faith', 'Mutie', '', '254720646335', 'fmutie@twiga-chem.com', 'ADMIN', 'Suspended', NULL, '2014-12-09 09:15:08'),
(11, 'JMMWANGI', 'EQ7jU5+ZBmCNt1eK+LunpePfkLlkT0Govs+1LFzskTUKK0pxG//QcYHTIuvZmydJ8ZvV4fiw/2jLfhhm4GfMmA==', 'James', 'Mwangi', '', '', 'jmmwangi@twiga-chem.com', 'SUPER_USER', 'Suspended', NULL, '2014-12-09 09:16:13'),
(12, 'stephen', 'M9EZ91k0bjknXqj6HX788J+yZP8eAW3sQxVzUNRYfPsA/yVeDk4yVz4gpkHkVWKnD7z1l79X35QvsM0kbhzrAg==', 'stephen', 'Ngigi', '', '254722750496', 'sngigi@twiga-chem.com', 'SUPER_USER', 'Suspended', NULL, '2014-12-09 09:19:50'),
(13, 'daniel', '/OOaOIdmvAYkgJ9WtULWu/msufzGojm9Ia8PdzQco9o+zen+wCCJjdbcnbB/ZbKCxKcsTa9n7y/fmH5Dm/s6CA==', 'Daniel', 'Kirimi', '', '254727952750', 'dkirimi@twiga-chem.com', 'SUPER_USER', 'Suspended', NULL, '2014-12-09 09:22:39'),
(14, 'matilda', 'E5Wut5/C273pmeKGLgu3iJL0E2dIHUaot+9po2eUQ+qqCJmRMyp6PfTIb5VWOHkNV4EwjqAN2EMRB6RCch3wfA==', 'Matilda', 'Pius', '', '254733866043', 'matilda@twiga-chem.com', 'SUPER_USER', 'Suspended', NULL, '2014-12-09 09:23:52'),
(15, 'lindaamondi', '0Xqwl8/ukrhylffked5REYYn22RNuGPgtnmDX8cUg/Ix4IydgJkn0rEmm84BwyTwZ763LY4sL0+unweafCi1Ig==', 'Linda', 'Amondi', '', '254720043179', 'linda.amondi@twiga-chem.com', 'SUPER_USER', 'Suspended', NULL, '2014-12-09 09:25:00'),
(16, 'support', 'S65Nl6YaNluQCfquKM5wYnGkLYB+s2PnlsUMVCBkzreav7DH12u+fnP6Aiiyz1tDqG7tt7qwHVd9fNc3+JpBVA==', 'A', 'adera', '', '254723952306', 'adera@twiga-chem.com', 'ADMIN', 'Suspended', NULL, '2014-12-17 07:33:41'),
(17, 'maryline', 'IvG2pq0up9mRoK58THr/QULWlBLnv/mw4NuNtfaXVPE3KTQH4Qq+Ca/MbFTiqDYjUySiBNlwmRA9nYsSGBdjTQ==', 'Maryline', 'Chepkemoi', '', '254710314156', 'bettmarilyn@gmail.com', 'ADMIN', 'Active', NULL, '2015-03-06 11:28:19'),
(18, 'fmanyara', 'XtBv7CCKsRStqPlcgl58eADIME2f7qigAHg9CvDQ81oBZxkSCJ+tXoFRN4kYBQmJnv8nT50fLzAjqsM8ImoH+g==', 'Faith', 'Manyara', 'Kwamboka', '254729438110', 'fmanyara@twiga-chem.com', 'SUPER_USER', 'Suspended', NULL, '2015-04-15 08:44:25'),
(19, 'fkwamboka', '2HiA5XHNlHtFg1AZsSnI1vs+1fd2J+afp+83yTdhrKMOoB2NjHDtKXaPXGXqAEsvhf3QpSvSuqvJMwcrNvwlZA==', 'Faith', 'Manyara', '', '', 'faith@twiga-chem.com', 'ADMIN', 'Suspended', NULL, '2015-05-25 06:54:59'),
(20, 'Maurice', 'W0Y0ib7SA5/jmxDtyFMPp0+YeTRv8F3VSYWWpShAqfQXliq5UXpMyxUzTeChd65QZmJ8O9MNRlKSiEy8B1KTcQ==', 'Maurice', 'Gor', '', '', 'maurice@twiga-chem.com', 'ADMIN', 'Active', NULL, '2016-02-22 06:16:32'),
(21, 'Kerubo', 'jGi93l6AUwOViiv07/i6pRAlNzytWnO8qX8I/w4/PBVW2vZdo0wFs88eWXqGxaMgklFxJ92VttU7Pv/QgEglcw==', 'Kerubo', 'Anna', '', '254722277212', 'anna@twiga-chem.com', 'USER', 'Suspended', NULL, '2016-02-23 11:47:24'),
(22, 'AnnaKerubo', 'oC0tXIWfVZEb/CorYfpjYjk0dpuZMHIZpBoz96XaQYS9LZEsC+tyGLZEws2TyocFrPziD7WetUgyzQySAkrWBw==', 'Anna', 'Kerubo', '', '254722598233', 'kerubo@twiga-chem.com', 'ADMIN', 'Active', NULL, '2016-02-23 12:38:34');

--
-- Indexes for dumped tables
--

--
-- Indexes for table `area_managers`
--
ALTER TABLE `area_managers`
 ADD PRIMARY KEY (`id`);

--
-- Indexes for table `area_tas`
--
ALTER TABLE `area_tas`
 ADD PRIMARY KEY (`id`);

--
-- Indexes for table `blacklist`
--
ALTER TABLE `blacklist`
 ADD PRIMARY KEY (`id`), ADD UNIQUE KEY `msisdn` (`msisdn`);

--
-- Indexes for table `ci_sessions`
--
ALTER TABLE `ci_sessions`
 ADD PRIMARY KEY (`session_id`), ADD KEY `last_activity_idx` (`last_activity`);

--
-- Indexes for table `contacts_info`
--
ALTER TABLE `contacts_info`
 ADD PRIMARY KEY (`id`);

--
-- Indexes for table `customers`
--
ALTER TABLE `customers`
 ADD PRIMARY KEY (`id`);

--
-- Indexes for table `distributors_codes`
--
ALTER TABLE `distributors_codes`
 ADD PRIMARY KEY (`id`), ADD UNIQUE KEY `code` (`code`);

--
-- Indexes for table `groups`
--
ALTER TABLE `groups`
 ADD PRIMARY KEY (`id`);

--
-- Indexes for table `group_contacts`
--
ALTER TABLE `group_contacts`
 ADD PRIMARY KEY (`id`);

--
-- Indexes for table `import_logs`
--
ALTER TABLE `import_logs`
 ADD PRIMARY KEY (`id`);

--
-- Indexes for table `products`
--
ALTER TABLE `products`
 ADD PRIMARY KEY (`id`);

--
-- Indexes for table `purchase_products`
--
ALTER TABLE `purchase_products`
 ADD PRIMARY KEY (`id`);

--
-- Indexes for table `purchase_reports`
--
ALTER TABLE `purchase_reports`
 ADD PRIMARY KEY (`id`);

--
-- Indexes for table `regions`
--
ALTER TABLE `regions`
 ADD PRIMARY KEY (`id`);

--
-- Indexes for table `replies`
--
ALTER TABLE `replies`
 ADD PRIMARY KEY (`id`);

--
-- Indexes for table `settings`
--
ALTER TABLE `settings`
 ADD PRIMARY KEY (`id`);

--
-- Indexes for table `smsin`
--
ALTER TABLE `smsin`
 ADD PRIMARY KEY (`id`), ADD KEY `id` (`id`), ADD KEY `id_2` (`id`);

--
-- Indexes for table `smsout`
--
ALTER TABLE `smsout`
 ADD PRIMARY KEY (`id`), ADD UNIQUE KEY `id` (`id`), ADD KEY `id_2` (`id`);

--
-- Indexes for table `sms_received`
--
ALTER TABLE `sms_received`
 ADD PRIMARY KEY (`id`), ADD KEY `id` (`id`), ADD KEY `id_2` (`id`);

--
-- Indexes for table `towns`
--
ALTER TABLE `towns`
 ADD PRIMARY KEY (`id`);

--
-- Indexes for table `towns_tas`
--
ALTER TABLE `towns_tas`
 ADD PRIMARY KEY (`id`);

--
-- Indexes for table `users`
--
ALTER TABLE `users`
 ADD PRIMARY KEY (`id`);

--
-- AUTO_INCREMENT for dumped tables
--

--
-- AUTO_INCREMENT for table `area_managers`
--
ALTER TABLE `area_managers`
MODIFY `id` int(11) NOT NULL AUTO_INCREMENT,AUTO_INCREMENT=26;
--
-- AUTO_INCREMENT for table `area_tas`
--
ALTER TABLE `area_tas`
MODIFY `id` int(11) NOT NULL AUTO_INCREMENT,AUTO_INCREMENT=28;
--
-- AUTO_INCREMENT for table `blacklist`
--
ALTER TABLE `blacklist`
MODIFY `id` int(11) NOT NULL AUTO_INCREMENT;
--
-- AUTO_INCREMENT for table `customers`
--
ALTER TABLE `customers`
MODIFY `id` int(11) NOT NULL AUTO_INCREMENT,AUTO_INCREMENT=16;
--
-- AUTO_INCREMENT for table `distributors_codes`
--
ALTER TABLE `distributors_codes`
MODIFY `id` int(11) unsigned NOT NULL AUTO_INCREMENT,AUTO_INCREMENT=3;
--
-- AUTO_INCREMENT for table `groups`
--
ALTER TABLE `groups`
MODIFY `id` int(11) NOT NULL AUTO_INCREMENT,AUTO_INCREMENT=4;
--
-- AUTO_INCREMENT for table `group_contacts`
--
ALTER TABLE `group_contacts`
MODIFY `id` int(10) unsigned NOT NULL AUTO_INCREMENT,AUTO_INCREMENT=17;
--
-- AUTO_INCREMENT for table `import_logs`
--
ALTER TABLE `import_logs`
MODIFY `id` int(11) NOT NULL AUTO_INCREMENT;
--
-- AUTO_INCREMENT for table `products`
--
ALTER TABLE `products`
MODIFY `id` int(11) NOT NULL AUTO_INCREMENT,AUTO_INCREMENT=275;
--
-- AUTO_INCREMENT for table `purchase_products`
--
ALTER TABLE `purchase_products`
MODIFY `id` int(20) NOT NULL AUTO_INCREMENT;
--
-- AUTO_INCREMENT for table `purchase_reports`
--
ALTER TABLE `purchase_reports`
MODIFY `id` int(15) NOT NULL AUTO_INCREMENT;
--
-- AUTO_INCREMENT for table `regions`
--
ALTER TABLE `regions`
MODIFY `id` int(11) NOT NULL AUTO_INCREMENT,AUTO_INCREMENT=7;
--
-- AUTO_INCREMENT for table `replies`
--
ALTER TABLE `replies`
MODIFY `id` int(10) unsigned NOT NULL AUTO_INCREMENT;
--
-- AUTO_INCREMENT for table `settings`
--
ALTER TABLE `settings`
MODIFY `id` int(10) unsigned NOT NULL AUTO_INCREMENT,AUTO_INCREMENT=3;
--
-- AUTO_INCREMENT for table `smsin`
--
ALTER TABLE `smsin`
MODIFY `id` int(11) NOT NULL AUTO_INCREMENT;
--
-- AUTO_INCREMENT for table `smsout`
--
ALTER TABLE `smsout`
MODIFY `id` int(10) unsigned NOT NULL AUTO_INCREMENT,AUTO_INCREMENT=5;
--
-- AUTO_INCREMENT for table `sms_received`
--
ALTER TABLE `sms_received`
MODIFY `id` int(11) NOT NULL AUTO_INCREMENT,AUTO_INCREMENT=4;
--
-- AUTO_INCREMENT for table `towns`
--
ALTER TABLE `towns`
MODIFY `id` int(11) NOT NULL AUTO_INCREMENT,AUTO_INCREMENT=20;
--
-- AUTO_INCREMENT for table `towns_tas`
--
ALTER TABLE `towns_tas`
MODIFY `id` int(11) NOT NULL AUTO_INCREMENT,AUTO_INCREMENT=18;
--
-- AUTO_INCREMENT for table `users`
--
ALTER TABLE `users`
MODIFY `id` int(10) unsigned NOT NULL AUTO_INCREMENT,AUTO_INCREMENT=23;
/*!40101 SET CHARACTER_SET_CLIENT=@OLD_CHARACTER_SET_CLIENT */;
/*!40101 SET CHARACTER_SET_RESULTS=@OLD_CHARACTER_SET_RESULTS */;
/*!40101 SET COLLATION_CONNECTION=@OLD_COLLATION_CONNECTION */;
